,Order,Family,Geenus,Species,Common Name,Diet,Introduced
1,Accipitriformes,Accipitridae,Accipiter,Accipiter cooperii,Cooper's hawk,Carnivore,
2,Accipitriformes,Accipitridae,Accipiter,Accipiter striatus,Sharp-shinned hawk,Avivore,
3,Accipitriformes,Accipitridae,Aquila,Aquila chrysaetos,Golden eagle,Carnivore,
4,Accipitriformes,Accipitridae,Buteo,Buteo jamaicensis,Red-tailed hawk,Carnivore,
5,Accipitriformes,Accipitridae,Buteo,Buteo lineatus,Red-shouldered hawk,Carnivore,
6,Accipitriformes,Accipitridae,Buteo,Buteo swainsoni,Swainson's hawk,Carnivore,
7,Accipitriformes,Accipitridae,Circus,Circus cyaneus,Northern harrier,Carnivore,
8,Accipitriformes,Accipitridae,Elanus,Elanus leucurus,White-tailed kite,Carnivore,
9,Accipitriformes,Cathartidae,Cathartes,Cathartes aura,Turkey vulture,Carnivore,
10,Anseriformes,Anatidae,Anas,Anas platyrhynchos,Mallard,Herbivore,
11,Anseriformes,Anatidae,Anser,Anser albifrons,Greater white-fronted goose,Herbivore,
12,Anseriformes,Anatidae,Oxyura,Oxyura jamaicensis,Ruddy duck,Omnivore,
13,Apodiformes,Apodidae,Aeronautes,Aeronautes saxatalis,White-throated swift,Insectivore,
14,Apodiformes,Apodidae,Chaetura,Chaetura vauxi,Vaux's swift,Insectivore,
15,Apodiformes,Trochilidae,Archilochus,Archilochus alexandri,Black-chinned hummingbird,Herbivore,
16,Apodiformes,Trochilidae,Calypte,Calypte anna,Anna's hummingbird,Herbivore,
17,Apodiformes,Trochilidae,Calypte,Calypte costae,Costa's hummingbird,Herbivore,
18,Apodiformes,Trochilidae,Selasphorus,Selasphorus rufus,Rufous hummingbird,Herbivore,
19,Apodiformes,Trochilidae,Selasphorus,Selasphorus sasin,Allen's hummingbird,Herbivore,
20,Charadriiformes,Charadriidae,Charadrius,Charadrius vociferus,Killdeer,Carnivore,
21,Charadriiformes,Laridae,Larus,Larus occidentalis,Western gull,Omnivore,
22,Charadriiformes,Scolopacidae,Actitis,Actitis macularius,Spotted sandpiper,Carnivore,
23,Charadriiformes,Scolopacidae,Numenius,Numenius americanus,Long-billed curlew,Carnivore,
24,Charadriiformes,Scolopacidae,Numenius,Numenius phaeopus,Eurasian whimbrel,Carnivore,
25,Charadriiformes,Scolopacidae,Tringa,Tringa semipalmata,Willet,Carnivore,
26,Columbiformes,Columbidae,Columba,Columba livia,Rock dove,Herbivore,*
27,Columbiformes,Columbidae,Columbina,Columbina passerina,Common ground dove,Herbivore,
28,Columbiformes,Columbidae,Patagioenas,Patagioenas fasciata,Band-tailed pigeon,Herbivore,
29,Columbiformes,Columbidae,Streptopelia,Streptopelia decaocto,Eurasian collared dove,Herbivore,*
30,Columbiformes,Columbidae,Zenaida,Zenaida macroura,Mourning dove,Herbivore,
31,Cuculiformes,Cuculidae,Geococcyx,Geococcyx californianus,Roadrunner,Insectivore,
32,Falconiformes,Falconidae,Falco,Falco columbarius,Merlin,Avivore,
33,Falconiformes,Falconidae,Falco,Falco peregrinus,Peregrine falcon,Avivore,
34,Falconiformes,Falconidae,Falco,Falco sparverius,American kestrel,Insectivore,
35,Galliformes,Odontophoridae,Callipepla,Callipepla californica,California quail,Herbivore,
36,Galliformes,Phasianidae,Meleagris,Meleagris gallopavo,Wild turkey,Omnivore,
37,Passeriformes,Aegithalidae,Psaltriparus,Psaltriparus minimus,American bushtit,Insectivore,
38,Passeriformes,Alaudidae,Eremophila,Eremophila alpestris,Horned lark,Omnivore,
39,Passeriformes,Bombycillidae,Bombycilla,Bombycilla cedrorum,Cedar waxwing,Herbivore,
40,Passeriformes,Cardinalidae,Passerina,Passerina amoena,Lazuli bunting,Omnivore,
41,Passeriformes,Cardinalidae,Passerina,Passerina caerulea,Blue grosbeak,Insectivore,
42,Passeriformes,Cardinalidae,Pheucticus,Pheucticus melanocephalus,Black-headed grosbeak,Omnivore,
43,Passeriformes,Cardinalidae,Piranga,Piranga ludoviciana,Western tanager,Carnivore,
44,Passeriformes,Corvidae,Aphelocoma,Aphelocoma californica,California scrub jay,Omnivore,
45,Passeriformes,Corvidae,Corvus,Corvus brachyrhynchos,American crow,Omnivore,
46,Passeriformes,Corvidae,Corvus,Corvus corax,Common raven,Omnivore,
47,Passeriformes,Corvidae,Cyanocitta,Cyanocitta stelleri,Steller's jay,Omnivore,
48,Passeriformes,Estrildidae,Lonchura,Lonchura punctulata,Scaly-breasted munia,Herbivore,*
49,Passeriformes,Fringillidae,Haemorhous,Haemorhous mexicanus,House finch,Herbivore,
50,Passeriformes,Fringillidae,Haemorhous,Haemorhous purpureus,Purple finch,Omnivore,
51,Passeriformes,Fringillidae,Spinus,Spinus lawrencei,Lawrence's goldfinch,Herbivore,
52,Passeriformes,Fringillidae,Spinus,Spinus pinus,Pine siskin,Herbivore,
53,Passeriformes,Fringillidae,Spinus,Spinus psaltria,Lesser goldfinch,Herbivore,
54,Passeriformes,Fringillidae,Spinus,Spinus tristis,American goldfinch,Herbivore,
55,Passeriformes,Hirundinidae,Hirundo,Hirundo rustica,Barn swallow,Insectivore,
56,Passeriformes,Hirundinidae,Petrochelidon,Petrochelidon pyrrhonota,Cliff swallow,Insectivore,
57,Passeriformes,Hirundinidae,Riparia,Riparia riparia,Bank swallow,Insectivore,
58,Passeriformes,Hirundinidae,Stelgidopteryx,Stelgidopteryx serripennis,Northern rough-winged swallow,Insectivore,
59,Passeriformes,Hirundinidae,Tachycineta,Tachycineta bicolor,Tree swallow,Omnivore,
60,Passeriformes,Hirundinidae,Tachycineta,Tachycineta thalassina,Violet-green swallow,Insectivore,
61,Passeriformes,Icteridae,Agelaius,Agelaius phoeniceus,Red-winged blackbird,Omnivore,
62,Passeriformes,Icteridae,Euphagus,Euphagus cyanocephalus,Brewer's blackbird,Omnivore,
63,Passeriformes,Icteridae,Icterus,Icterus bullockii,Bullock's oriole,Omnivore,
64,Passeriformes,Icteridae,Icterus,Icterus cucullatus,Hooded oriole,Omnivore,
65,Passeriformes,Icteridae,Molothrus,Molothrus ater,Brown-headed cowbird,Herbivore,
66,Passeriformes,Icteridae,Sturnella,Sturnella neglecta,Western meadowlark,Omnivore,
67,Passeriformes,Laniidae,Lanius,Lanius ludovicianus,Loggerhead shrike,Carnivore,
68,Passeriformes,Mimidae,Mimus,Mimus polyglottos,Northern mockingbird,Omnivore,
69,Passeriformes,Mimidae,Toxostoma,Toxostoma redivivum,California thrasher,Omnivore,
70,Passeriformes,Motacillidae,Anthus,Anthus rubescens,American pipit,Omnivore,
71,Passeriformes,Paridae,Baeolophus,Baeolophus inornatus,Oak titmouse,Omnivore,
72,Passeriformes,Paridae,Poecile,Poecile gambeli,Mountain chickadee,Herbivore,
73,Passeriformes,Parulidae,Cardellina,Cardellina pusilla,Wilson's warbler,Insectivore,
74,Passeriformes,Parulidae,Geothlypis,Geothlypis trichas,Common yellowthroat,Insectivore,
75,Passeriformes,Parulidae,Icteria,Icteria virens,Yellow-breasted chat,Omnivore,
76,Passeriformes,Parulidae,Leiothlypis,Leiothlypis celata,Orange-crowned warbler,Herbivore,
77,Passeriformes,Parulidae,Leiothlypis,Leiothlypis ruficapilla,Nashville warbler,Insectivore,
78,Passeriformes,Parulidae,Setophaga,Setophaga coronata,Yellow-rumped warbler,Insectivore,
79,Passeriformes,Parulidae,Setophaga,Setophaga nigrescens,Black-throated gray warbler,Insectivore,
80,Passeriformes,Parulidae,Setophaga,Setophaga occidentalis,Hermit warbler,Insectivore,
81,Passeriformes,Parulidae,Setophaga,Setophaga petechia,Yellow warbler,Insectivore,
82,Passeriformes,Parulidae,Setophaga,Setophaga townsendi,Townsend's warbler,Insectivore,
83,Passeriformes,Passerellidae,Aimophila,Aimophila ruficeps,Rufous-crowned sparrow,Omnivore,
84,Passeriformes,Passerellidae,Ammodramus,Ammodramus savannarum,Grasshopper sparrow,Insectivore,
85,Passeriformes,Passerellidae,Chondestes,Chondestes grammacus,Lark sparrow,Herbivore,
86,Passeriformes,Passerellidae,Junco,Junco hyemalis,Dark-eyed junco,Insectivore,
87,Passeriformes,Passerellidae,Melospiza,Melospiza lincolnii,Lincoln's sparrow,Omnivore,
88,Passeriformes,Passerellidae,Melospiza,Melospiza melodia,Song sparrow,Insectivore,
89,Passeriformes,Passerellidae,Melozone,Melozone crissalis,California towhee,Omnivore,
90,Passeriformes,Passerellidae,Passerculus,Passerculus sandwichensis,Savannah sparrow,Insectivore,
91,Passeriformes,Passerellidae,Passerella,Passerella iliaca,Fox sparrow,Herbivore,
92,Passeriformes,Passerellidae,Pipilo,Pipilo maculatus,Spotted towhee,Insectivore,
93,Passeriformes,Passerellidae,Pooecetes,Pooecetes gramineus,Vesper sparrow,Omnivore,
94,Passeriformes,Passerellidae,Spizella,Spizella passerina,Chipping sparrow,Herbivore,
95,Passeriformes,Passerellidae,Zonotrichia,Zonotrichia albicollis,White-throated sparrow,Omnivore,
96,Passeriformes,Passerellidae,Zonotrichia,Zonotrichia atricapilla,Golden-crowned sparrow,Herbivore,
97,Passeriformes,Passerellidae,Zonotrichia,Zonotrichia leucophrys,White-crowned sparrow,Omnivore,
98,Passeriformes,Passeridae,Passer,Passer domesticus,House sparrow,Omnivore,*
99,Passeriformes,Polioptilidae,Polioptila,Polioptila caerulea,Blue-gray gnatcatcher,Insectivore,
100,Passeriformes,Ptilogonatidae,Phainopepla,Phainopepla nitens,Phainopepla,Herbivore,
101,Passeriformes,Regulidae,Regulus,Regulus calendula,Ruby-crowned kinglet,Omnivore,
102,Passeriformes,Remizidae,Auriparus,Auriparus flaviceps,Verdin,Insectivore,
103,Passeriformes,Sittidae,Sitta,Sitta canadensis,Red-breasted nuthatch,Omnivore,
104,Passeriformes,Sittidae,Sitta,Sitta carolinensis,White-breasted nuthatch,Omnivore,
105,Passeriformes,Sturnidae,Sturnus,Sturnus vulgaris,Common starling,Omnivore,*
106,Passeriformes,Sylviidae,Chamaea,Chamaea fasciata,Wrentit,Omnivore,
107,Passeriformes,Troglodytidae,Catherpes,Catherpes mexicanus,Canyon wren,Insectivore,
108,Passeriformes,Troglodytidae,Salpinctes,Salpinctes obsoletus,Rock wren,Insectivore,
109,Passeriformes,Troglodytidae,Thryomanes,Thryomanes bewickii,Bewick's wren,Insectivore,
110,Passeriformes,Troglodytidae,Troglodytes,Troglodytes aedon,House wren,Insectivore,
111,Passeriformes,Turdidae,Catharus,Catharus guttatus,Hermit thrush,Omnivore,
112,Passeriformes,Turdidae,Catharus,Catharus ustulatus,Swainson's thrush,Omnivore,
113,Passeriformes,Turdidae,Ixoreus,Ixoreus naevius,Varied thrush,Omnivore,
114,Passeriformes,Turdidae,Myadestes,Myadestes townsendi,Townsend's solitaire,Omnivore,
115,Passeriformes,Turdidae,Sialia,Sialia currucoides,Mountain bluebird,Insectivore,
116,Passeriformes,Turdidae,Sialia,Sialia mexicana,Western bluebird,Omnivore,
117,Passeriformes,Turdidae,Turdus,Turdus migratorius,American robin,Omnivore,
118,Passeriformes,Tyrannidae,Contopus,Contopus sordidulus,Western wood-pewee,Insectivore,
119,Passeriformes,Tyrannidae,Empidonax,Empidonax difficilis,Western flycatcher,Carnivore,
120,Passeriformes,Tyrannidae,Empidonax,Empidonax traillii,Willow flycatcher,Insectivore,
121,Passeriformes,Tyrannidae,Myiarchus,Myiarchus cinerascens,Ash-throated flycatcher,Insectivore,
122,Passeriformes,Tyrannidae,Sayornis,Sayornis nigricans,Black phoebe,Insectivore,
123,Passeriformes,Tyrannidae,Sayornis,Sayornis saya,Say's phoebe,Insectivore,
124,Passeriformes,Tyrannidae,Tyrannus,Tyrannus verticalis,Western kingbird,Insectivore,
125,Passeriformes,Tyrannidae,Tyrannus,Tyrannus vociferans,Cassin's kingbird,Insectivore,
126,Passeriformes,Vireonidae,Vireo,Vireo cassinii,Cassin's vireo,Insectivore,
127,Passeriformes,Vireonidae,Vireo,Vireo gilvus,Warbling vireo,Insectivore,
128,Passeriformes,Vireonidae,Vireo,Vireo huttoni,Hutton's vireo,Insectivore,
129,Pelecaniformes,Ardeidae,Ardea,Ardea alba,Great egret,Piscivore,
130,Pelecaniformes,Ardeidae,Ardea,Ardea herodias,Great blue heron,Carnivore,
131,Pelecaniformes,Ardeidae,Butorides,Butorides virescens,Green heron,Carnivore,
132,Pelecaniformes,Ardeidae,Egretta,Egretta thula,Snowy egret,Piscivore,
133,Pelecaniformes,Ardeidae,Nycticorax,Nycticorax nycticorax,Black-crowned night heron,Piscivore,
134,Pelecaniformes,Pelecanidae,Pelecanus,Pelecanus erythrorhynchos,American white pelican,Piscivore,
135,Piciformes,Picidae,Colaptes,Colaptes auratus,Northern flicker,Insectivore,
136,Piciformes,Picidae,Dryobates,Dryobates nuttallii,Nuttall's woodpecker,Insectivore,
137,Piciformes,Picidae,Dryobates,Dryobates pubescens,Downy woodpecker,Omnivore,
138,Piciformes,Picidae,Leuconotopicus,Leuconotopicus villosus,Hairy woodpecker,Insectivore,
139,Piciformes,Picidae,Melanerpes,Melanerpes formicivorus,Acorn woodpecker,Herbivore,
140,Piciformes,Picidae,Melanerpes,Melanerpes lewis,Lewis's woodpecker,Omnivore,
141,Piciformes,Picidae,Sphyrapicus,Sphyrapicus ruber,Red-breasted sapsucker,Herbivore,
142,Strigiformes,Strigidae,Asio,Asio flammeus,Short-eared owl,Carnivore,
143,Strigiformes,Strigidae,Athene,Athene cunicularia,Burrowing owl,Carnivore,
144,Strigiformes,Strigidae,Bubo,Bubo virginianus,Great horned owl,Carnivore,
145,Strigiformes,Strigidae,Glaucidium,Glaucidium gnoma,Northern pygmy-owl,Carnivore,
146,Strigiformes,Strigidae,Megascops,Megascops kennicottii,Western screech owl,Carnivore,
147,Strigiformes,Tytonidae,Tyto,Tyto alba,Barn owl,Carnivore,
148,Suliformes,Phalacrocoracidae,Phalacrocorax,Phalacrocorax auritus,Double-crested cormorant,Piscivore,
